DateTime,siteID,temp,variable,Depth
2017-08-05,CRAM,1192911.95,watervolume,NA
2017-08-06,CRAM,1171600.259,watervolume,NA
2017-08-07,CRAM,1168237.524,watervolume,NA
2017-08-08,CRAM,1152113.641,watervolume,NA
2017-08-09,CRAM,1151869.34,watervolume,NA
2017-08-10,CRAM,1153212.997,watervolume,NA
2017-08-11,CRAM,1153823.75,watervolume,NA
2017-08-12,CRAM,1153660.882,watervolume,NA
2017-08-13,CRAM,1151869.34,watervolume,NA
2017-08-14,CRAM,1152072.924,watervolume,NA
2017-08-15,CRAM,1153009.412,watervolume,NA
2017-08-16,CRAM,1151869.34,watervolume,NA
2017-08-17,CRAM,1153009.412,watervolume,NA
2017-08-18,CRAM,1169231.015,watervolume,NA
2017-08-19,CRAM,1184188.36,watervolume,NA
2017-08-20,CRAM,1183435.097,watervolume,NA
2017-08-21,CRAM,1182926.136,watervolume,NA
2017-08-22,CRAM,1184799.113,watervolume,NA
2017-08-23,CRAM,1184335.417,watervolume,NA
2017-08-24,CRAM,1157419.864,watervolume,NA
2017-08-25,CRAM,1154088.41,watervolume,NA
2017-08-26,CRAM,1152846.545,watervolume,NA
2017-08-27,CRAM,1155330.274,watervolume,NA
2017-08-28,CRAM,1155778.16,watervolume,NA
2017-08-29,CRAM,1155574.576,watervolume,NA
2017-08-30,CRAM,1155065.615,watervolume,NA
2017-08-31,CRAM,1165914.839,watervolume,NA
2017-09-01,CRAM,1172675.148,watervolume,NA
2017-09-02,CRAM,1161100.437,watervolume,NA
2017-09-03,CRAM,1168802.698,watervolume,NA
2017-09-04,CRAM,1172619.083,watervolume,NA
2017-09-05,CRAM,1157598.444,watervolume,NA
2017-09-06,CRAM,1155594.934,watervolume,NA
2017-09-07,CRAM,1154984.181,watervolume,NA
2017-09-08,CRAM,1154800.955,watervolume,NA
2017-09-09,CRAM,1154230.919,watervolume,NA
2017-09-10,CRAM,1166142.455,watervolume,NA
2017-09-11,CRAM,1169326.975,watervolume,NA
2017-09-12,CRAM,1170436.235,watervolume,NA
2017-09-13,CRAM,1169073.291,watervolume,NA
2017-09-14,CRAM,1158762.125,watervolume,NA
2017-09-15,CRAM,1170080.888,watervolume,NA
2017-09-16,CRAM,1169995.805,watervolume,NA
2017-09-17,CRAM,1172283.554,watervolume,NA
2017-09-18,CRAM,1168582.42,watervolume,NA
2017-09-19,CRAM,1170603.756,watervolume,NA
2017-09-20,CRAM,1160921.344,watervolume,NA
2017-09-21,CRAM,1167796.323,watervolume,NA
2017-09-22,CRAM,1163384.072,watervolume,NA
2017-09-23,CRAM,1165224.475,watervolume,NA
2017-09-24,CRAM,1167840.534,watervolume,NA
2017-09-25,CRAM,1168837.172,watervolume,NA
2017-09-26,CRAM,1166495.375,watervolume,NA
2017-09-27,CRAM,1153294.431,watervolume,NA
2017-09-28,CRAM,1171544.706,watervolume,NA
2017-09-29,CRAM,1158629.676,watervolume,NA
2017-09-30,CRAM,1144031.342,watervolume,NA
2017-10-01,CRAM,1142341.591,watervolume,NA
2017-10-02,CRAM,1153722.66,watervolume,NA
2017-10-03,CRAM,1159457.948,watervolume,NA
2017-10-04,CRAM,1162233.635,watervolume,NA
2017-10-05,CRAM,1153317.697,watervolume,NA
2017-10-06,CRAM,1147490.71,watervolume,NA
2017-10-07,CRAM,1145945.035,watervolume,NA
2017-10-08,CRAM,1169755.153,watervolume,NA
2017-10-09,CRAM,1168084.835,watervolume,NA
2017-10-10,CRAM,1149935.288,watervolume,NA
2017-10-11,CRAM,1149914.93,watervolume,NA
2017-10-12,CRAM,1148469.481,watervolume,NA
2017-10-13,CRAM,1147960.52,watervolume,NA
2017-10-14,CRAM,1147960.52,watervolume,NA
2017-10-15,CRAM,1165770.869,watervolume,NA
2017-10-16,CRAM,1175322.26,watervolume,NA
2017-10-17,CRAM,1183628.502,watervolume,NA
2017-10-18,CRAM,1183251.871,watervolume,NA
2017-10-19,CRAM,1182671.656,watervolume,NA
2017-10-20,CRAM,1181857.318,watervolume,NA
2017-10-21,CRAM,1181551.942,watervolume,NA
2017-10-22,CRAM,1182376.459,watervolume,NA
2017-10-23,CRAM,1150712.648,watervolume,NA
2017-10-24,CRAM,1150118.514,watervolume,NA
2017-10-25,CRAM,1151869.34,watervolume,NA
2017-10-26,CRAM,1154779.239,watervolume,NA
2017-10-27,CRAM,1154361.213,watervolume,NA
2017-10-28,CRAM,1157732.57,watervolume,NA
2017-10-29,CRAM,1157732.57,watervolume,NA
2017-10-30,CRAM,1157732.57,watervolume,NA
2017-10-31,CRAM,1157732.57,watervolume,NA
2017-11-01,CRAM,1156612.856,watervolume,NA
2017-11-02,CRAM,1157406.835,watervolume,NA
2017-11-03,CRAM,1164084.403,watervolume,NA
2017-11-04,CRAM,1189104.922,watervolume,NA
2017-11-05,CRAM,1203238.236,watervolume,NA
2017-11-06,CRAM,1202071.424,watervolume,NA
2017-11-07,CRAM,1187537.323,watervolume,NA
2017-11-08,CRAM,1188758.829,watervolume,NA
2017-11-09,CRAM,1179561.605,watervolume,NA
2017-11-10,CRAM,1168113.068,watervolume,NA
2017-11-11,CRAM,1162791.043,watervolume,NA
2017-11-12,CRAM,1184239.256,watervolume,NA
2017-11-13,CRAM,1170582.816,watervolume,NA
2017-11-14,CRAM,1171668.363,watervolume,NA
2017-11-15,CRAM,1179915.123,watervolume,NA
2017-11-16,CRAM,1179915.123,watervolume,NA
2017-11-17,CRAM,1163595.8,watervolume,NA
2017-11-18,CRAM,NaN,watervolume,NA
2017-11-19,CRAM,1195983.166,watervolume,NA
2017-11-20,CRAM,1191934.745,watervolume,NA
2017-11-21,CRAM,1175899.699,watervolume,NA
2017-11-22,CRAM,1177993.287,watervolume,NA
2017-11-23,CRAM,1179575.976,watervolume,NA
2017-11-24,CRAM,1191354.53,watervolume,NA
2017-11-25,CRAM,1186421.379,watervolume,NA
2017-11-26,CRAM,1182189.468,watervolume,NA
2017-11-27,CRAM,1183841.483,watervolume,NA
2017-11-28,CRAM,1174817.896,watervolume,NA
2017-11-29,CRAM,1180669.743,watervolume,NA
2017-11-30,CRAM,1189878.543,watervolume,NA
2017-12-01,CRAM,1187248.603,watervolume,NA
2017-12-02,CRAM,1178395.499,watervolume,NA
2017-12-03,CRAM,1189491.733,watervolume,NA
2017-12-04,CRAM,1173640.186,watervolume,NA
2017-12-05,CRAM,1167887.838,watervolume,NA
2017-12-06,CRAM,1162618.595,watervolume,NA
2017-12-07,CRAM,1161217.32,watervolume,NA
2017-12-08,CRAM,1155554.799,watervolume,NA
2017-12-09,CRAM,1157732.57,watervolume,NA
2017-12-10,CRAM,NaN,watervolume,NA
2017-12-11,CRAM,NaN,watervolume,NA
2017-12-12,CRAM,1222228.1,watervolume,NA
2017-12-13,CRAM,1159686.98,watervolume,NA
2017-12-14,CRAM,NaN,watervolume,NA
2017-12-15,CRAM,1181022.622,watervolume,NA
2017-12-16,CRAM,NaN,watervolume,NA
2017-12-17,CRAM,NaN,watervolume,NA
2017-12-18,CRAM,NaN,watervolume,NA
2017-12-19,CRAM,1162129.992,watervolume,NA
2017-12-20,CRAM,1222228.1,watervolume,NA
2017-12-21,CRAM,NaN,watervolume,NA
2017-12-22,CRAM,NaN,watervolume,NA
2017-12-23,CRAM,1188025.925,watervolume,NA
2017-12-24,CRAM,NaN,watervolume,NA
2017-12-25,CRAM,1204052.087,watervolume,NA
2017-12-26,CRAM,1178514.463,watervolume,NA
2017-12-27,CRAM,1183672.921,watervolume,NA
2017-12-28,CRAM,1222228.1,watervolume,NA
2017-12-29,CRAM,1197602.534,watervolume,NA
2017-12-30,CRAM,1191739.304,watervolume,NA
2017-12-31,CRAM,1201869.662,watervolume,NA
2018-01-01,CRAM,1198897.331,watervolume,NA
2018-01-02,CRAM,1203758.925,watervolume,NA
2018-01-03,CRAM,1222228.1,watervolume,NA
2018-01-04,CRAM,1186462.397,watervolume,NA
2018-01-05,CRAM,1222228.1,watervolume,NA
2018-01-06,CRAM,1162060.192,watervolume,NA
2018-01-07,CRAM,1212989.071,watervolume,NA
2018-01-08,CRAM,1212176.849,watervolume,NA
2018-01-09,CRAM,1198786.954,watervolume,NA
2018-01-10,CRAM,1177695.472,watervolume,NA
2018-01-11,CRAM,1176857.868,watervolume,NA
2018-01-12,CRAM,1178806.208,watervolume,NA
2018-01-13,CRAM,1178461.161,watervolume,NA
2018-01-14,CRAM,1168188.663,watervolume,NA
2018-01-15,CRAM,1166452.245,watervolume,NA
2018-01-16,CRAM,1187700.19,watervolume,NA
2018-01-17,CRAM,1183947.156,watervolume,NA
2018-01-18,CRAM,1168481.825,watervolume,NA
2018-01-19,CRAM,1200143.267,watervolume,NA
2018-01-20,CRAM,1192423.347,watervolume,NA
2018-01-21,CRAM,1189739.792,watervolume,NA
2018-01-22,CRAM,1173042.115,watervolume,NA
2018-01-23,CRAM,1175322.26,watervolume,NA
2018-01-24,CRAM,1178362.453,watervolume,NA
2018-01-25,CRAM,1171413.44,watervolume,NA
2018-01-26,CRAM,1186552.108,watervolume,NA
2018-01-27,CRAM,1196892.273,watervolume,NA
2018-01-28,CRAM,1199838.293,watervolume,NA
2018-01-29,CRAM,1182749.018,watervolume,NA
2018-01-30,CRAM,1193622.645,watervolume,NA
2018-01-31,CRAM,1197821.242,watervolume,NA
2018-02-01,CRAM,1201760.488,watervolume,NA
2018-02-02,CRAM,1189254.834,watervolume,NA
2018-02-03,CRAM,1175264.777,watervolume,NA
2018-02-04,CRAM,1179941.775,watervolume,NA
2018-02-05,CRAM,1184573.134,watervolume,NA
2018-02-06,CRAM,1180766.688,watervolume,NA
2018-02-07,CRAM,1186439.969,watervolume,NA
2018-02-08,CRAM,1190296.49,watervolume,NA
2018-02-09,CRAM,1203198.318,watervolume,NA
2018-02-10,CRAM,1196625.329,watervolume,NA
2018-02-11,CRAM,1202828.009,watervolume,NA
2018-02-12,CRAM,1203172.602,watervolume,NA
2018-02-13,CRAM,1203182.782,watervolume,NA
2018-02-14,CRAM,1203701.922,watervolume,NA
2018-02-15,CRAM,1204149.807,watervolume,NA
2018-02-16,CRAM,1204149.807,watervolume,NA
2018-02-17,CRAM,1204068.374,watervolume,NA
2018-02-18,CRAM,1204078.553,watervolume,NA
2018-02-19,CRAM,1199403.383,watervolume,NA
2018-02-20,CRAM,1175437.225,watervolume,NA
2018-02-21,CRAM,1183207.293,watervolume,NA
2018-02-22,CRAM,1180119.448,watervolume,NA
2018-02-23,CRAM,1172634.946,watervolume,NA
2018-02-24,CRAM,1187048.72,watervolume,NA
2018-02-25,CRAM,1176698.324,watervolume,NA
2018-02-26,CRAM,1191272.767,watervolume,NA
2018-02-27,CRAM,1209046.012,watervolume,NA
2018-02-28,CRAM,1208618.485,watervolume,NA
2018-03-01,CRAM,1208547.23,watervolume,NA
2018-03-02,CRAM,1208547.23,watervolume,NA
2018-03-03,CRAM,1208547.23,watervolume,NA
2018-03-04,CRAM,1208496.334,watervolume,NA
2018-03-05,CRAM,1208089.165,watervolume,NA
2018-03-06,CRAM,1208313.108,watervolume,NA
2018-03-07,CRAM,1208160.42,watervolume,NA
2018-03-08,CRAM,1207783.789,watervolume,NA
2018-03-09,CRAM,1207570.025,watervolume,NA
2018-03-10,CRAM,1207570.025,watervolume,NA
2018-03-11,CRAM,1207498.77,watervolume,NA
2018-03-12,CRAM,1208190.957,watervolume,NA
2018-03-13,CRAM,1208547.23,watervolume,NA
2018-03-14,CRAM,1208547.23,watervolume,NA
2018-03-15,CRAM,1208557.409,watervolume,NA
2018-03-16,CRAM,1208547.23,watervolume,NA
2018-03-17,CRAM,1208272.391,watervolume,NA
2018-03-18,CRAM,1208058.627,watervolume,NA
2018-03-19,CRAM,1207610.742,watervolume,NA
2018-03-20,CRAM,1207458.054,watervolume,NA
2018-03-21,CRAM,1207122.139,watervolume,NA
2018-03-22,CRAM,1207020.347,watervolume,NA
2018-03-23,CRAM,1206582.641,watervolume,NA
2018-03-24,CRAM,1206144.934,watervolume,NA
2018-03-25,CRAM,1205951.529,watervolume,NA
2018-03-26,CRAM,1205707.228,watervolume,NA
2018-03-27,CRAM,1207529.308,watervolume,NA
2018-03-28,CRAM,1207386.799,watervolume,NA
2018-03-29,CRAM,1206592.82,watervolume,NA
2018-03-30,CRAM,1206592.82,watervolume,NA
2018-03-31,CRAM,1207712.534,watervolume,NA
2018-04-01,CRAM,1209015.474,watervolume,NA
2018-04-02,CRAM,1205683.008,watervolume,NA
2018-04-03,CRAM,1190813.362,watervolume,NA
2018-04-04,CRAM,1194761.123,watervolume,NA
2018-04-05,CRAM,1204826.787,watervolume,NA
2018-04-06,CRAM,1210063.934,watervolume,NA
2018-04-07,CRAM,1196470.726,watervolume,NA
2018-04-08,CRAM,1205243.346,watervolume,NA
2018-04-09,CRAM,1209524.435,watervolume,NA
2018-04-10,CRAM,1209056.191,watervolume,NA
2018-04-11,CRAM,1208374.183,watervolume,NA
2018-04-12,CRAM,1209219.058,watervolume,NA
2018-04-13,CRAM,1209982.5,watervolume,NA
2018-04-14,CRAM,1208720.277,watervolume,NA
2018-04-15,CRAM,1210532.178,watervolume,NA
2018-04-16,CRAM,1196596.493,watervolume,NA
2018-04-17,CRAM,1196548.434,watervolume,NA
2018-04-18,CRAM,1198030.643,watervolume,NA
2018-04-19,CRAM,1213942.216,watervolume,NA
2018-04-20,CRAM,1213921.858,watervolume,NA
2018-04-21,CRAM,1213738.632,watervolume,NA
2018-04-22,CRAM,1213138.058,watervolume,NA
2018-04-23,CRAM,1213372.18,watervolume,NA
2018-04-24,CRAM,1213036.265,watervolume,NA
2018-04-25,CRAM,1213647.019,watervolume,NA
2018-04-26,CRAM,1213921.858,watervolume,NA
2018-04-27,CRAM,1213921.858,watervolume,NA
2018-04-28,CRAM,1213921.858,watervolume,NA
2018-04-29,CRAM,1213840.424,watervolume,NA
2018-04-30,CRAM,1213932.037,watervolume,NA
2018-05-01,CRAM,1214939.779,watervolume,NA
2018-05-02,CRAM,1216171.465,watervolume,NA
2018-05-03,CRAM,1216934.906,watervolume,NA
2018-05-04,CRAM,1217545.659,watervolume,NA
2018-05-05,CRAM,1217392.971,watervolume,NA
2018-05-06,CRAM,1217403.15,watervolume,NA
2018-05-07,CRAM,1217342.075,watervolume,NA
2018-05-08,CRAM,1217342.075,watervolume,NA
2018-05-09,CRAM,1217342.075,watervolume,NA
2018-05-10,CRAM,1217270.82,watervolume,NA
2018-05-11,CRAM,1216130.748,watervolume,NA
2018-05-12,CRAM,1215469.099,watervolume,NA
2018-05-13,CRAM,1215326.59,watervolume,NA
2018-05-14,CRAM,1214654.761,watervolume,NA
2018-05-15,CRAM,1214094.904,watervolume,NA
2018-05-16,CRAM,1213585.943,watervolume,NA
2018-05-17,CRAM,1212965.011,watervolume,NA
2018-05-18,CRAM,1211784.222,watervolume,NA
2018-05-19,CRAM,1211102.214,watervolume,NA
2018-05-20,CRAM,1210125.009,watervolume,NA
2018-05-21,CRAM,1209412.464,watervolume,NA
2018-05-22,CRAM,1208475.975,watervolume,NA
2018-05-23,CRAM,1220497.633,watervolume,NA
2018-05-24,CRAM,1231902.429,watervolume,NA
2018-05-25,CRAM,1213982.933,watervolume,NA
2018-05-26,CRAM,1212934.473,watervolume,NA
2018-05-27,CRAM,1212354.258,watervolume,NA
2018-05-28,CRAM,1212038.702,watervolume,NA
2018-05-29,CRAM,1211041.139,watervolume,NA
2018-05-30,CRAM,1209163.294,watervolume,NA
2018-05-31,CRAM,1197901.618,watervolume,NA
2018-06-01,CRAM,1201381.06,watervolume,NA
2018-06-02,CRAM,1201125.754,watervolume,NA
2018-06-03,CRAM,1202855.671,watervolume,NA
2018-06-04,CRAM,1197857.2,watervolume,NA
2018-06-05,CRAM,1203908.599,watervolume,NA
2018-06-06,CRAM,1189912.942,watervolume,NA
2018-06-07,CRAM,1197122.554,watervolume,NA
2018-06-08,CRAM,1204510.443,watervolume,NA
2018-06-09,CRAM,1197445.095,watervolume,NA
2018-06-10,CRAM,1198188.857,watervolume,NA
2018-06-11,CRAM,1197836.549,watervolume,NA
2018-06-12,CRAM,1186904.542,watervolume,NA
2018-06-13,CRAM,1192082.806,watervolume,NA
2018-06-14,CRAM,1197429.937,watervolume,NA
2018-06-15,CRAM,1187537.322,watervolume,NA
2018-06-16,CRAM,1202172.131,watervolume,NA
2018-06-17,CRAM,1207185.065,watervolume,NA
2018-06-18,CRAM,1215762.483,watervolume,NA
2018-06-19,CRAM,1220224.211,watervolume,NA
2018-06-20,CRAM,1218418.237,watervolume,NA
2018-06-21,CRAM,1217848.774,watervolume,NA
2018-06-22,CRAM,1216972.644,watervolume,NA
2018-06-23,CRAM,1216434.67,watervolume,NA
2018-06-24,CRAM,1212728.183,watervolume,NA
2018-06-25,CRAM,1213174.237,watervolume,NA
2018-06-26,CRAM,1210636.006,watervolume,NA
2018-06-27,CRAM,1210678.243,watervolume,NA
2018-06-28,CRAM,1205481.751,watervolume,NA
2018-06-29,CRAM,1207396.849,watervolume,NA
2018-06-30,CRAM,1203888.773,watervolume,NA
2018-07-01,CRAM,1208632.204,watervolume,NA
2018-07-02,CRAM,1206374.043,watervolume,NA
2018-07-03,CRAM,1212297.584,watervolume,NA
2018-07-04,CRAM,1208498.37,watervolume,NA
2018-07-05,CRAM,1204116.342,watervolume,NA
2018-07-06,CRAM,1204278.387,watervolume,NA
2018-07-07,CRAM,1201224.886,watervolume,NA
2018-07-08,CRAM,1200293.809,watervolume,NA
2018-07-09,CRAM,1199118.522,watervolume,NA
2018-07-10,CRAM,1195816.038,watervolume,NA
2018-07-11,CRAM,1199003.618,watervolume,NA
2018-07-12,CRAM,1195319.557,watervolume,NA
2018-07-13,CRAM,1191871.7,watervolume,NA
2018-07-14,CRAM,1197421.053,watervolume,NA
2018-07-15,CRAM,1200970.719,watervolume,NA
2018-07-16,CRAM,1200666.949,watervolume,NA
2018-07-17,CRAM,1198029.418,watervolume,NA
2018-07-18,CRAM,1197710.277,watervolume,NA
2018-07-19,CRAM,1196427.35,watervolume,NA
2018-07-20,CRAM,1185441.06,watervolume,NA
2018-07-21,CRAM,1180492.563,watervolume,NA
2018-07-22,CRAM,1193517.542,watervolume,NA
2018-07-23,CRAM,1197159.033,watervolume,NA
2018-07-24,CRAM,1196474.419,watervolume,NA
2018-07-25,CRAM,1194764.832,watervolume,NA
2018-07-26,CRAM,1190504.343,watervolume,NA
2018-07-27,CRAM,1193219.837,watervolume,NA
2018-07-28,CRAM,1194326.326,watervolume,NA
2018-07-29,CRAM,1193211.626,watervolume,NA
2018-07-30,CRAM,1193203.842,watervolume,NA
2018-07-31,CRAM,1192543.912,watervolume,NA
2018-08-01,CRAM,1187652.288,watervolume,NA
2018-08-02,CRAM,1183589.725,watervolume,NA
2018-08-03,CRAM,1187629.378,watervolume,NA
2018-08-04,CRAM,1192012.921,watervolume,NA
2018-08-05,CRAM,1189300.54,watervolume,NA
2018-08-06,CRAM,1194302.588,watervolume,NA
2018-08-07,CRAM,1195119.709,watervolume,NA
2018-08-08,CRAM,1196064.599,watervolume,NA
2018-08-09,CRAM,1195557.554,watervolume,NA
2018-08-10,CRAM,1192315.474,watervolume,NA
2018-08-11,CRAM,1192281.096,watervolume,NA
2018-08-12,CRAM,1191588.394,watervolume,NA
2018-08-13,CRAM,1191507.218,watervolume,NA
2018-08-14,CRAM,1190175.776,watervolume,NA
2018-08-15,CRAM,1184640.116,watervolume,NA
2018-08-16,CRAM,1178452.37,watervolume,NA
2018-08-17,CRAM,1183465.635,watervolume,NA
2018-08-18,CRAM,1187543.507,watervolume,NA
2018-08-19,CRAM,1185846.006,watervolume,NA
2018-08-20,CRAM,1198887.934,watervolume,NA
2018-08-21,CRAM,1229017.103,watervolume,NA
2018-08-22,CRAM,1227284.074,watervolume,NA
2018-08-23,CRAM,1226988.034,watervolume,NA
2018-08-24,CRAM,1226039.199,watervolume,NA
2018-08-25,CRAM,1228091.33,watervolume,NA
2018-08-26,CRAM,1227114.125,watervolume,NA
2018-08-27,CRAM,1228378.743,watervolume,NA
2018-08-28,CRAM,1232977.355,watervolume,NA
2018-08-29,CRAM,1232977.355,watervolume,NA
2018-08-30,CRAM,1232684.194,watervolume,NA
2018-08-31,CRAM,1231457.258,watervolume,NA
2018-09-01,CRAM,NaN,watervolume,NA
2018-09-02,CRAM,NaN,watervolume,NA
2018-09-03,CRAM,NaN,watervolume,NA
2018-09-04,CRAM,1240794.995,watervolume,NA
2018-09-05,CRAM,1244703.815,watervolume,NA
2018-09-06,CRAM,1244703.815,watervolume,NA
2018-09-07,CRAM,1243447.409,watervolume,NA
2018-09-08,CRAM,1242749.405,watervolume,NA
2018-09-09,CRAM,1241423.198,watervolume,NA
2018-09-10,CRAM,1240794.995,watervolume,NA
2018-09-11,CRAM,1239817.79,watervolume,NA
2018-09-12,CRAM,1238840.585,watervolume,NA
2018-09-13,CRAM,1238840.585,watervolume,NA
2018-09-14,CRAM,1238097.909,watervolume,NA
2018-09-15,CRAM,1237562.702,watervolume,NA
2018-09-16,CRAM,1236886.175,watervolume,NA
2018-09-17,CRAM,1236886.175,watervolume,NA
2018-09-18,CRAM,1236153.271,watervolume,NA
2018-09-19,CRAM,1234931.765,watervolume,NA
2018-09-20,CRAM,1234931.765,watervolume,NA
2018-09-21,CRAM,1246658.225,watervolume,NA
2018-09-22,CRAM,1246658.225,watervolume,NA
2018-09-23,CRAM,1246302.878,watervolume,NA
2018-09-24,CRAM,1244815.496,watervolume,NA
2018-09-25,CRAM,1216056.279,watervolume,NA
2018-09-26,CRAM,1201983.913,watervolume,NA
2018-09-27,CRAM,1205066.774,watervolume,NA
2018-09-28,CRAM,1200684.488,watervolume,NA
2018-09-29,CRAM,1201998.498,watervolume,NA
2018-09-30,CRAM,1201114.55,watervolume,NA
2018-10-01,CRAM,1200612.909,watervolume,NA
2018-10-02,CRAM,1193203.397,watervolume,NA
2018-10-03,CRAM,1190312.216,watervolume,NA
2018-10-04,CRAM,1205408.329,watervolume,NA
2018-10-05,CRAM,1201983.67,watervolume,NA
2018-10-06,CRAM,1201276.162,watervolume,NA
2018-10-07,CRAM,1189593.525,watervolume,NA
2018-10-08,CRAM,1195954.192,watervolume,NA
2018-10-09,CRAM,1198963.104,watervolume,NA
2018-10-10,CRAM,1207638.202,watervolume,NA
2018-10-11,CRAM,1224540.818,watervolume,NA
2018-10-12,CRAM,1209473.003,watervolume,NA
2018-10-13,CRAM,1229341.243,watervolume,NA
2018-10-14,CRAM,1217342.075,watervolume,NA
2018-10-15,CRAM,1218664.176,watervolume,NA
2018-10-16,CRAM,1217640.205,watervolume,NA
2018-10-17,CRAM,1226494.178,watervolume,NA
2018-10-18,CRAM,1218782.167,watervolume,NA
2018-10-19,CRAM,1224934.206,watervolume,NA
2018-10-20,CRAM,1202794.627,watervolume,NA
2018-10-21,CRAM,1213077.908,watervolume,NA
2018-10-22,CRAM,1222768.437,watervolume,NA
2018-10-23,CRAM,1226625.522,watervolume,NA
2018-10-24,CRAM,1222857.106,watervolume,NA
2018-10-25,CRAM,1224984.847,watervolume,NA
2018-10-26,CRAM,1210501.64,watervolume,NA
2018-10-27,CRAM,1214270.859,watervolume,NA
2018-10-28,CRAM,1202358.265,watervolume,NA
2018-10-29,CRAM,1204219.608,watervolume,NA
2018-10-30,CRAM,1203305.858,watervolume,NA
2018-10-31,CRAM,1212987.764,watervolume,NA
2018-11-01,CRAM,1214176.481,watervolume,NA
2018-11-02,CRAM,1204736.13,watervolume,NA
2018-11-03,CRAM,1223205.305,watervolume,NA
2018-11-04,CRAM,1219319.752,watervolume,NA
2018-11-05,CRAM,1208464.416,watervolume,NA
2018-11-06,CRAM,1203140.029,watervolume,NA
2018-11-07,CRAM,1227706.37,watervolume,NA
2018-11-08,CRAM,1205394.956,watervolume,NA
2018-11-09,CRAM,1257163.179,watervolume,NA
2018-11-10,CRAM,1197797.975,watervolume,NA
2018-11-11,CRAM,NaN,watervolume,NA
2018-11-12,CRAM,1232977.355,watervolume,NA
2018-11-13,CRAM,1222926.104,watervolume,NA
2018-11-14,CRAM,1237396.021,watervolume,NA
2018-11-15,CRAM,1227824.82,watervolume,NA
2018-11-16,CRAM,1244366.848,watervolume,NA
2018-11-17,CRAM,1231924.98,watervolume,NA
2018-11-18,CRAM,1233670.855,watervolume,NA
2018-11-19,CRAM,1254475.865,watervolume,NA
2018-11-20,CRAM,1195843.565,watervolume,NA
2018-11-21,CRAM,1254475.865,watervolume,NA
2018-11-22,CRAM,1193889.155,watervolume,NA
2018-11-23,CRAM,1226164.065,watervolume,NA
2018-11-24,CRAM,1215040.915,watervolume,NA
2018-11-25,CRAM,1195843.565,watervolume,NA
2018-11-26,CRAM,1207419.686,watervolume,NA
2018-11-27,CRAM,1214829.262,watervolume,NA
2018-11-28,CRAM,1193889.155,watervolume,NA
2018-11-29,CRAM,NaN,watervolume,NA
2018-11-30,CRAM,NaN,watervolume,NA
2018-12-01,CRAM,1219017.284,watervolume,NA
2018-12-02,CRAM,NaN,watervolume,NA
2018-12-03,CRAM,1193889.155,watervolume,NA
2018-12-04,CRAM,1193889.155,watervolume,NA
2018-12-05,CRAM,NaN,watervolume,NA
2018-12-06,CRAM,NaN,watervolume,NA
2018-12-07,CRAM,1215387.665,watervolume,NA
2018-12-08,CRAM,1206592.82,watervolume,NA
2018-12-09,CRAM,1218738.082,watervolume,NA
2018-12-10,CRAM,1214485.63,watervolume,NA
2018-12-11,CRAM,1213042.373,watervolume,NA
2018-12-12,CRAM,1199376.537,watervolume,NA
2018-12-13,CRAM,1211967.447,watervolume,NA
2018-12-14,CRAM,1217753.53,watervolume,NA
2018-12-15,CRAM,1219296.485,watervolume,NA
2018-12-16,CRAM,1219296.485,watervolume,NA
2018-12-17,CRAM,1218461.789,watervolume,NA
2018-12-18,CRAM,1218339.638,watervolume,NA
2018-12-19,CRAM,1213755.018,watervolume,NA
2018-12-20,CRAM,1194396.55,watervolume,NA
2018-12-21,CRAM,1188901.338,watervolume,NA
2018-12-22,CRAM,1191474.884,watervolume,NA
2018-12-23,CRAM,1188025.925,watervolume,NA
2018-12-24,CRAM,1246658.225,watervolume,NA
2018-12-25,CRAM,1188025.925,watervolume,NA
2018-12-26,CRAM,1246658.225,watervolume,NA
2018-12-27,CRAM,1189980.335,watervolume,NA
2018-12-28,CRAM,1211478.845,watervolume,NA
2018-12-29,CRAM,1207230.128,watervolume,NA
2018-12-30,CRAM,1196444.922,watervolume,NA
2018-12-31,CRAM,1191236.741,watervolume,NA
2019-01-01,CRAM,1219355.71,watervolume,NA
2019-01-02,CRAM,1206563.65,watervolume,NA
2019-01-03,CRAM,1213957.609,watervolume,NA
2019-01-04,CRAM,1205761.466,watervolume,NA
2019-01-05,CRAM,1219164.155,watervolume,NA
2019-01-06,CRAM,1202466.843,watervolume,NA
2019-01-07,CRAM,1189190.254,watervolume,NA
2019-01-08,CRAM,1222295.493,watervolume,NA
2019-01-09,CRAM,1202919.877,watervolume,NA
2019-01-10,CRAM,1214996.783,watervolume,NA
2019-01-11,CRAM,1213811.528,watervolume,NA
2019-01-12,CRAM,1203444.048,watervolume,NA
2019-01-13,CRAM,1221191.67,watervolume,NA
2019-01-14,CRAM,1219296.485,watervolume,NA
2019-01-15,CRAM,1197691.371,watervolume,NA
2019-01-16,CRAM,1219408.166,watervolume,NA
2019-01-17,CRAM,1218609.22,watervolume,NA
2019-01-18,CRAM,1211297.881,watervolume,NA
2019-01-19,CRAM,1212130.315,watervolume,NA
2019-01-20,CRAM,1220263.511,watervolume,NA
2019-01-21,CRAM,1217210.317,watervolume,NA
2019-01-22,CRAM,1213643.54,watervolume,NA
2019-01-23,CRAM,1192403.803,watervolume,NA
2019-01-24,CRAM,1199404.934,watervolume,NA
2019-01-25,CRAM,1189980.335,watervolume,NA
2019-01-26,CRAM,1193169.109,watervolume,NA
2019-01-27,CRAM,1189980.335,watervolume,NA
2019-01-28,CRAM,1205127.012,watervolume,NA
2019-01-29,CRAM,1208913.682,watervolume,NA
2019-01-30,CRAM,1206332.232,watervolume,NA
2019-01-31,CRAM,1200996.1,watervolume,NA
2019-02-01,CRAM,1189980.335,watervolume,NA
2019-02-02,CRAM,1209413.808,watervolume,NA
2019-02-03,CRAM,1214663.809,watervolume,NA
2019-02-04,CRAM,1200156.013,watervolume,NA
2019-02-05,CRAM,1209245.234,watervolume,NA
2019-02-06,CRAM,1219296.485,watervolume,NA
2019-02-07,CRAM,NaN,watervolume,NA
2019-02-08,CRAM,1225587.242,watervolume,NA
2019-02-09,CRAM,1206495.099,watervolume,NA
2019-02-10,CRAM,1194622.059,watervolume,NA
2019-02-11,CRAM,1255453.07,watervolume,NA
2019-02-12,CRAM,1197065.071,watervolume,NA
2019-02-13,CRAM,1224558.358,watervolume,NA
2019-02-14,CRAM,1247526.852,watervolume,NA
2019-02-15,CRAM,1229994.308,watervolume,NA
2019-02-16,CRAM,1231481.01,watervolume,NA
2019-02-17,CRAM,1229007.46,watervolume,NA
2019-02-18,CRAM,1228294.914,watervolume,NA
2019-02-19,CRAM,1228091.33,watervolume,NA
2019-02-20,CRAM,1228274.556,watervolume,NA
2019-02-21,CRAM,1229181.685,watervolume,NA
2019-02-22,CRAM,1215912.73,watervolume,NA
2019-02-23,CRAM,1228457.782,watervolume,NA
2019-02-24,CRAM,1216690.605,watervolume,NA
2019-02-25,CRAM,1214270.859,watervolume,NA
2019-02-26,CRAM,1210125.792,watervolume,NA
2019-02-27,CRAM,1209908.337,watervolume,NA
2019-02-28,CRAM,1224893.205,watervolume,NA
2019-03-01,CRAM,1235090.231,watervolume,NA
2019-03-02,CRAM,1233155.029,watervolume,NA
2019-03-03,CRAM,1235908.97,watervolume,NA
2019-03-04,CRAM,1235878.432,watervolume,NA
2019-03-05,CRAM,1235308.396,watervolume,NA
2019-03-06,CRAM,1234931.765,watervolume,NA
2019-03-07,CRAM,1234809.614,watervolume,NA
2019-03-08,CRAM,1234066.531,watervolume,NA
2019-03-09,CRAM,1233954.56,watervolume,NA
2019-03-10,CRAM,1235176.066,watervolume,NA
2019-03-11,CRAM,1236061.658,watervolume,NA
2019-03-12,CRAM,1235908.97,watervolume,NA
2019-03-13,CRAM,1236204.167,watervolume,NA
2019-03-14,CRAM,1236784.383,watervolume,NA
2019-03-15,CRAM,1235908.97,watervolume,NA
2019-03-16,CRAM,1228969.578,watervolume,NA
2019-03-17,CRAM,1235389.83,watervolume,NA
2019-03-18,CRAM,1233954.56,watervolume,NA
2019-03-19,CRAM,1233954.56,watervolume,NA
2019-03-20,CRAM,1233842.589,watervolume,NA
2019-03-21,CRAM,1233537.212,watervolume,NA
2019-03-22,CRAM,1232610.903,watervolume,NA
2019-03-23,CRAM,1231053.483,watervolume,NA
2019-03-24,CRAM,1228722.442,watervolume,NA
2019-03-25,CRAM,1227663.803,watervolume,NA
2019-03-26,CRAM,1226116.562,watervolume,NA
2019-03-27,CRAM,1224569.32,watervolume,NA
2019-03-28,CRAM,1222319.713,watervolume,NA
2019-03-29,CRAM,1220579.067,watervolume,NA
2019-03-30,CRAM,1219428.815,watervolume,NA
2019-03-31,CRAM,1219296.485,watervolume,NA
2019-04-01,CRAM,1219296.485,watervolume,NA
2019-04-02,CRAM,1220151.539,watervolume,NA
2019-04-03,CRAM,1223561.578,watervolume,NA
2019-04-04,CRAM,1223805.879,watervolume,NA
2019-04-05,CRAM,1224294.481,watervolume,NA
2019-04-06,CRAM,1224467.528,watervolume,NA
2019-04-07,CRAM,1225515.988,watervolume,NA
2019-04-08,CRAM,1227485.888,watervolume,NA
2019-04-09,CRAM,1227114.125,watervolume,NA
2019-04-10,CRAM,1224081.42,watervolume,NA
2019-04-11,CRAM,1223561.697,watervolume,NA
2019-04-12,CRAM,1217263.268,watervolume,NA
2019-04-13,CRAM,1219386.689,watervolume,NA
2019-04-14,CRAM,1225984.628,watervolume,NA
2019-04-15,CRAM,1233109.685,watervolume,NA
2019-04-16,CRAM,1232977.355,watervolume,NA
2019-04-17,CRAM,1233201.298,watervolume,NA
2019-04-18,CRAM,1238545.388,watervolume,NA
2019-04-19,CRAM,1233349.624,watervolume,NA
2019-04-20,CRAM,1237863.38,watervolume,NA
2019-04-21,CRAM,1237863.38,watervolume,NA
2019-04-22,CRAM,1227602.727,watervolume,NA
2019-04-23,CRAM,1232434.463,watervolume,NA
2019-04-24,CRAM,1241463.609,watervolume,NA
2019-04-25,CRAM,1237874.612,watervolume,NA
2019-04-26,CRAM,1233661.399,watervolume,NA
2019-04-27,CRAM,1236788.454,watervolume,NA
2019-04-28,CRAM,1230923.988,watervolume,NA
2019-04-29,CRAM,1236957.43,watervolume,NA
2019-04-30,CRAM,1223205.305,watervolume,NA
2019-05-01,CRAM,1222378.439,watervolume,NA
2019-05-02,CRAM,1223205.305,watervolume,NA
2019-05-03,CRAM,1224283.105,watervolume,NA
2019-05-04,CRAM,1236875.996,watervolume,NA
2019-05-05,CRAM,1236275.422,watervolume,NA
2019-05-06,CRAM,1233020.786,watervolume,NA
2019-05-07,CRAM,1234448.306,watervolume,NA
2019-05-08,CRAM,1232262.84,watervolume,NA
2019-05-09,CRAM,1215524.817,watervolume,NA
2019-05-10,CRAM,1225244.689,watervolume,NA
2019-05-11,CRAM,1232188.527,watervolume,NA
2019-05-12,CRAM,1236692.77,watervolume,NA
2019-05-13,CRAM,1235135.349,watervolume,NA
2019-05-14,CRAM,1234677.285,watervolume,NA
2019-05-15,CRAM,1233730.617,watervolume,NA
2019-05-16,CRAM,1232977.355,watervolume,NA
2019-05-17,CRAM,1232631.262,watervolume,NA
2019-05-18,CRAM,1229182.163,watervolume,NA
2019-05-19,CRAM,1218790.432,watervolume,NA
2019-05-20,CRAM,1230450.582,watervolume,NA
2019-05-21,CRAM,1238325.136,watervolume,NA
2019-05-22,CRAM,1238738.793,watervolume,NA
2019-05-23,CRAM,1223351.156,watervolume,NA
2019-05-24,CRAM,1254336.264,watervolume,NA
2019-05-25,CRAM,1214946.113,watervolume,NA
2019-05-26,CRAM,1228333.004,watervolume,NA
2019-05-27,CRAM,1218788.846,watervolume,NA
2019-05-28,CRAM,1214651.221,watervolume,NA
2019-05-29,CRAM,1219727.978,watervolume,NA
2019-05-30,CRAM,1228651.187,watervolume,NA
2019-05-31,CRAM,1227623.086,watervolume,NA
2019-06-01,CRAM,1221580.418,watervolume,NA
2019-06-02,CRAM,1220432.77,watervolume,NA
2019-06-03,CRAM,1217412.716,watervolume,NA
2019-06-04,CRAM,1206492.225,watervolume,NA
2019-06-05,CRAM,1217471.584,watervolume,NA
2019-06-06,CRAM,1209483.145,watervolume,NA
2019-06-07,CRAM,1214197.479,watervolume,NA
2019-06-08,CRAM,1212354.522,watervolume,NA
2019-06-09,CRAM,1211567.682,watervolume,NA
2019-06-10,CRAM,1207253.466,watervolume,NA
2019-06-11,CRAM,1210730.078,watervolume,NA
2019-06-12,CRAM,1212901.359,watervolume,NA
2019-06-13,CRAM,1210752.205,watervolume,NA
2019-06-14,CRAM,1207007.797,watervolume,NA
2019-06-15,CRAM,1219673.116,watervolume,NA
2019-06-16,CRAM,1218349.818,watervolume,NA
2019-06-17,CRAM,1216660.067,watervolume,NA
2019-06-18,CRAM,1221800.573,watervolume,NA
2019-06-19,CRAM,1220772.472,watervolume,NA
2019-06-20,CRAM,1220456.916,watervolume,NA
2019-06-21,CRAM,1212646.724,watervolume,NA
2019-06-22,CRAM,1211454.716,watervolume,NA
2019-06-23,CRAM,1203033.002,watervolume,NA
2019-06-24,CRAM,1201502.603,watervolume,NA
2019-06-25,CRAM,1200569.153,watervolume,NA
2019-06-26,CRAM,1207468.497,watervolume,NA
2019-06-27,CRAM,1207557.497,watervolume,NA
2019-06-28,CRAM,1205034.574,watervolume,NA
2019-06-29,CRAM,1205882.125,watervolume,NA
2019-06-30,CRAM,1201651.741,watervolume,NA
2019-07-01,CRAM,1200177.257,watervolume,NA
2019-07-02,CRAM,1197353.791,watervolume,NA
2019-07-03,CRAM,1204689.174,watervolume,NA
2019-07-04,CRAM,1204588.297,watervolume,NA
2019-07-05,CRAM,1204610.49,watervolume,NA
2019-07-06,CRAM,1205398.458,watervolume,NA
2019-07-07,CRAM,1209353.424,watervolume,NA
2019-07-08,CRAM,1211122.453,watervolume,NA
2019-07-09,CRAM,1208498.973,watervolume,NA
2019-07-10,CRAM,1209971.83,watervolume,NA
2019-07-11,CRAM,1204972.717,watervolume,NA
2019-07-12,CRAM,1205264.823,watervolume,NA
2019-07-13,CRAM,1204879.539,watervolume,NA
2019-07-14,CRAM,1204092.698,watervolume,NA
2019-07-15,CRAM,1207545.595,watervolume,NA
2019-07-16,CRAM,1216853.472,watervolume,NA
2019-07-17,CRAM,1217730.602,watervolume,NA
2019-07-18,CRAM,1216202.002,watervolume,NA
2019-07-19,CRAM,1213832.395,watervolume,NA
2019-07-20,CRAM,1211691.281,watervolume,NA
2019-07-21,CRAM,1208911.859,watervolume,NA
2019-07-22,CRAM,1218200.109,watervolume,NA
2019-07-23,CRAM,1216340.741,watervolume,NA
2019-07-24,CRAM,1216517.926,watervolume,NA
2019-07-25,CRAM,1216094.078,watervolume,NA
2019-07-26,CRAM,1213005.728,watervolume,NA
2019-07-27,CRAM,1207583.411,watervolume,NA
2019-07-28,CRAM,1210885.1,watervolume,NA
2019-07-29,CRAM,1210977.037,watervolume,NA
2019-07-30,CRAM,1212443.522,watervolume,NA
2019-07-31,CRAM,1213300.548,watervolume,NA
2019-08-01,CRAM,1211894.157,watervolume,NA
2019-08-02,CRAM,1212238.893,watervolume,NA
2019-08-03,CRAM,1211647.745,watervolume,NA
2019-08-04,CRAM,1207685.747,watervolume,NA
2019-08-05,CRAM,1211371.591,watervolume,NA
2019-08-06,CRAM,1199927.407,watervolume,NA
2019-08-07,CRAM,1211106.576,watervolume,NA
2019-08-08,CRAM,1204521.145,watervolume,NA
2019-08-09,CRAM,1207876.137,watervolume,NA
2019-08-10,CRAM,1206032.715,watervolume,NA
2019-08-11,CRAM,1207374.584,watervolume,NA
2019-08-12,CRAM,1206395.052,watervolume,NA
2019-08-13,CRAM,1202871.924,watervolume,NA
2019-08-14,CRAM,1194268.369,watervolume,NA
2019-08-15,CRAM,1206418.319,watervolume,NA
2019-08-16,CRAM,1195413.595,watervolume,NA
2019-08-17,CRAM,1191030.466,watervolume,NA
2019-08-18,CRAM,1200024.518,watervolume,NA
2019-08-19,CRAM,1192236.529,watervolume,NA
2019-08-20,CRAM,1203277.303,watervolume,NA
2019-08-21,CRAM,1196885.06,watervolume,NA
2019-08-22,CRAM,1200976.835,watervolume,NA
2019-08-23,CRAM,1193598.635,watervolume,NA
2019-08-24,CRAM,1202310.686,watervolume,NA
2019-08-25,CRAM,1199968.279,watervolume,NA
2019-08-26,CRAM,1197221.071,watervolume,NA
2019-08-27,CRAM,1186961.209,watervolume,NA
2019-08-28,CRAM,1191446.142,watervolume,NA
2019-08-29,CRAM,1181883.494,watervolume,NA
2019-08-30,CRAM,1188920.549,watervolume,NA
2019-08-31,CRAM,1196079.036,watervolume,NA
2019-09-01,CRAM,1190201.835,watervolume,NA
2019-09-02,CRAM,1187700.19,watervolume,NA
2019-09-03,CRAM,1185914.464,watervolume,NA
2019-09-04,CRAM,1189659.462,watervolume,NA
2019-09-05,CRAM,1194585.246,watervolume,NA
2019-09-06,CRAM,1182553.577,watervolume,NA
2019-09-07,CRAM,1192130.186,watervolume,NA
2019-09-08,CRAM,1177555.871,watervolume,NA
2019-09-09,CRAM,1187167.169,watervolume,NA
2019-09-10,CRAM,1192609.154,watervolume,NA
2019-09-11,CRAM,1181599.56,watervolume,NA
2019-09-12,CRAM,1175557.513,watervolume,NA
2019-09-13,CRAM,1192216.062,watervolume,NA
2019-09-14,CRAM,1196600.555,watervolume,NA
2019-09-15,CRAM,1201682.056,watervolume,NA
2019-09-16,CRAM,1195979.288,watervolume,NA
2019-09-17,CRAM,1198110.681,watervolume,NA
2019-09-18,CRAM,1189664.623,watervolume,NA
2019-09-19,CRAM,1197993.416,watervolume,NA
2019-09-20,CRAM,1193917.075,watervolume,NA
2019-09-21,CRAM,1198466.589,watervolume,NA
2019-09-22,CRAM,1189484.216,watervolume,NA
2019-09-23,CRAM,1196006.432,watervolume,NA
2019-09-24,CRAM,1179824.383,watervolume,NA
2019-09-25,CRAM,1192944.523,watervolume,NA
2019-09-26,CRAM,1206447.56,watervolume,NA
2019-09-27,CRAM,1193058.531,watervolume,NA
2019-09-28,CRAM,1199271.075,watervolume,NA
2019-09-29,CRAM,1193232.345,watervolume,NA
2019-09-30,CRAM,1194898.4,watervolume,NA
2019-10-01,CRAM,1205270.719,watervolume,NA
2019-10-02,CRAM,1180411.869,watervolume,NA
2019-10-03,CRAM,1182142.337,watervolume,NA
2019-10-04,CRAM,1193889.155,watervolume,NA
2019-10-05,CRAM,1181287.282,watervolume,NA
2019-10-06,CRAM,1205484.349,watervolume,NA
2019-10-07,CRAM,1215423.858,watervolume,NA
2019-10-08,CRAM,1216565.02,watervolume,NA
2019-10-09,CRAM,1216479.835,watervolume,NA
2019-10-10,CRAM,1215294.598,watervolume,NA
2019-10-11,CRAM,1186203.062,watervolume,NA
2019-10-12,CRAM,1179251.438,watervolume,NA
2019-10-13,CRAM,1179231.08,watervolume,NA
2019-10-14,CRAM,1179231.08,watervolume,NA
2019-10-15,CRAM,1180004.701,watervolume,NA
2019-10-16,CRAM,1206326.31,watervolume,NA
2019-10-17,CRAM,1197797.975,watervolume,NA
2019-10-18,CRAM,1183139.9,watervolume,NA
2019-10-19,CRAM,1183139.9,watervolume,NA
2019-10-20,CRAM,1207001.204,watervolume,NA
2019-10-21,CRAM,1208986.264,watervolume,NA
2019-10-22,CRAM,1185114.668,watervolume,NA
2019-10-23,CRAM,1206211.099,watervolume,NA
2019-10-24,CRAM,1209568.853,watervolume,NA
2019-10-25,CRAM,1185929.006,watervolume,NA
2019-10-26,CRAM,1209538.806,watervolume,NA
2019-10-27,CRAM,1223824.201,watervolume,NA
2019-10-28,CRAM,1206292.142,watervolume,NA
2019-10-29,CRAM,1183526.71,watervolume,NA
2019-10-30,CRAM,1183139.9,watervolume,NA
2019-10-31,CRAM,1183139.9,watervolume,NA
2019-11-01,CRAM,1183139.9,watervolume,NA
2019-11-02,CRAM,1182305.204,watervolume,NA
2019-11-03,CRAM,1181185.49,watervolume,NA
2019-11-04,CRAM,1181185.49,watervolume,NA
2019-11-05,CRAM,1198935.378,watervolume,NA
2019-11-06,CRAM,1222716.702,watervolume,NA
2019-11-07,CRAM,1221939.38,watervolume,NA
2019-11-08,CRAM,NaN,watervolume,NA
2019-11-09,CRAM,NaN,watervolume,NA
2019-11-10,CRAM,NaN,watervolume,NA
2019-11-11,CRAM,NaN,watervolume,NA
2019-11-12,CRAM,NaN,watervolume,NA
2019-11-13,CRAM,NaN,watervolume,NA
2019-11-14,CRAM,NaN,watervolume,NA
2019-11-15,CRAM,NaN,watervolume,NA
2019-11-16,CRAM,NaN,watervolume,NA
2019-11-17,CRAM,NaN,watervolume,NA
2019-11-18,CRAM,NaN,watervolume,NA
2019-11-19,CRAM,NaN,watervolume,NA
2019-11-20,CRAM,NaN,watervolume,NA
2019-11-21,CRAM,NaN,watervolume,NA
2019-11-22,CRAM,NaN,watervolume,NA
2019-11-23,CRAM,NaN,watervolume,NA
2019-11-24,CRAM,NaN,watervolume,NA
2019-11-25,CRAM,NaN,watervolume,NA
2019-11-26,CRAM,NaN,watervolume,NA
2019-11-27,CRAM,NaN,watervolume,NA
2019-11-28,CRAM,NaN,watervolume,NA
2019-11-29,CRAM,NaN,watervolume,NA
2019-11-30,CRAM,NaN,watervolume,NA
2019-12-01,CRAM,NaN,watervolume,NA
2019-12-02,CRAM,NaN,watervolume,NA
2019-12-03,CRAM,NaN,watervolume,NA
2019-12-04,CRAM,NaN,watervolume,NA
2019-12-05,CRAM,NaN,watervolume,NA
2019-12-06,CRAM,NaN,watervolume,NA
2019-12-07,CRAM,NaN,watervolume,NA
2019-12-08,CRAM,NaN,watervolume,NA
2019-12-09,CRAM,NaN,watervolume,NA
2019-12-10,CRAM,NaN,watervolume,NA
2019-12-11,CRAM,NaN,watervolume,NA
2019-12-12,CRAM,NaN,watervolume,NA
2019-12-13,CRAM,NaN,watervolume,NA
2019-12-14,CRAM,NaN,watervolume,NA
2019-12-15,CRAM,NaN,watervolume,NA
2019-12-16,CRAM,NaN,watervolume,NA
2019-12-17,CRAM,NaN,watervolume,NA
2019-12-18,CRAM,NaN,watervolume,NA
2019-12-19,CRAM,NaN,watervolume,NA
2019-12-20,CRAM,NaN,watervolume,NA
2019-12-21,CRAM,NaN,watervolume,NA
2019-12-22,CRAM,NaN,watervolume,NA
2019-12-23,CRAM,NaN,watervolume,NA
2019-12-24,CRAM,NaN,watervolume,NA
2019-12-25,CRAM,NaN,watervolume,NA
2019-12-26,CRAM,NaN,watervolume,NA
2019-12-27,CRAM,NaN,watervolume,NA
2019-12-28,CRAM,NaN,watervolume,NA
2019-12-29,CRAM,NaN,watervolume,NA
2019-12-30,CRAM,NaN,watervolume,NA
2019-12-31,CRAM,NaN,watervolume,NA
2020-01-01,CRAM,NaN,watervolume,NA
2020-01-02,CRAM,NaN,watervolume,NA
2020-01-03,CRAM,NaN,watervolume,NA
2020-01-04,CRAM,NaN,watervolume,NA
2020-01-05,CRAM,NaN,watervolume,NA
2020-01-06,CRAM,NaN,watervolume,NA
2020-01-07,CRAM,NaN,watervolume,NA
2020-01-08,CRAM,NaN,watervolume,NA
2020-01-09,CRAM,NaN,watervolume,NA
2020-01-10,CRAM,NaN,watervolume,NA
2020-01-11,CRAM,NaN,watervolume,NA
2020-01-12,CRAM,NaN,watervolume,NA
2020-01-13,CRAM,NaN,watervolume,NA
2020-01-14,CRAM,1244703.815,watervolume,NA
2020-01-15,CRAM,1244235.571,watervolume,NA
2020-01-16,CRAM,1244663.098,watervolume,NA
2020-01-17,CRAM,1243726.61,watervolume,NA
2020-01-18,CRAM,1244988.833,watervolume,NA
2020-01-19,CRAM,1245681.02,watervolume,NA
2020-01-20,CRAM,1245681.02,watervolume,NA
2020-01-21,CRAM,1244907.399,watervolume,NA
2020-01-22,CRAM,1243808.044,watervolume,NA
2020-01-23,CRAM,1244785.249,watervolume,NA
2020-01-24,CRAM,1241039.296,watervolume,NA
2020-01-25,CRAM,1221983.799,watervolume,NA
2020-01-26,CRAM,1212661.777,watervolume,NA
2020-01-27,CRAM,1215157.734,watervolume,NA
2020-01-28,CRAM,1218226.213,watervolume,NA
2020-01-29,CRAM,1217657.302,watervolume,NA
2020-01-30,CRAM,1212867.505,watervolume,NA
2020-01-31,CRAM,1212673.207,watervolume,NA
2020-02-01,CRAM,1215052.623,watervolume,NA
2020-02-02,CRAM,1215866.088,watervolume,NA
2020-02-03,CRAM,1234325.898,watervolume,NA
2020-02-04,CRAM,1224782.548,watervolume,NA
2020-02-05,CRAM,1214899.063,watervolume,NA
2020-02-06,CRAM,1214410.46,watervolume,NA
2020-02-07,CRAM,1214410.46,watervolume,NA
2020-02-08,CRAM,1214064.367,watervolume,NA
2020-02-09,CRAM,1213921.858,watervolume,NA
2020-02-10,CRAM,1213911.678,watervolume,NA
2020-02-11,CRAM,1213494.33,watervolume,NA
2020-02-12,CRAM,1213494.33,watervolume,NA
2020-02-13,CRAM,1213809.886,watervolume,NA
2020-02-14,CRAM,1213392.538,watervolume,NA
2020-02-15,CRAM,1213942.216,watervolume,NA
2020-02-16,CRAM,1213962.574,watervolume,NA
2020-02-17,CRAM,1213921.858,watervolume,NA
2020-02-18,CRAM,1214512.252,watervolume,NA
2020-02-19,CRAM,1214888.883,watervolume,NA
2020-02-20,CRAM,1214410.46,watervolume,NA
2020-02-21,CRAM,1214491.894,watervolume,NA
2020-02-22,CRAM,1214899.063,watervolume,NA
2020-02-23,CRAM,1214899.063,watervolume,NA
2020-02-24,CRAM,1214899.063,watervolume,NA
2020-02-25,CRAM,1214899.063,watervolume,NA
2020-02-26,CRAM,1214899.063,watervolume,NA
2020-02-27,CRAM,1214899.063,watervolume,NA
2020-02-28,CRAM,1214899.063,watervolume,NA
2020-02-29,CRAM,1214644.582,watervolume,NA
2020-03-01,CRAM,1213932.037,watervolume,NA
2020-03-02,CRAM,1213921.858,watervolume,NA
2020-03-03,CRAM,1213921.858,watervolume,NA
2020-03-04,CRAM,1213942.216,watervolume,NA
2020-03-05,CRAM,1214247.593,watervolume,NA
2020-03-06,CRAM,1216028.956,watervolume,NA
2020-03-07,CRAM,1216171.465,watervolume,NA
2020-03-08,CRAM,1215927.164,watervolume,NA
2020-03-09,CRAM,1215489.457,watervolume,NA
2020-03-10,CRAM,1215387.665,watervolume,NA
2020-03-11,CRAM,1215092.468,watervolume,NA
2020-03-12,CRAM,1214705.657,watervolume,NA
2020-03-13,CRAM,1214949.959,watervolume,NA
2020-03-14,CRAM,1214888.883,watervolume,NA
2020-03-15,CRAM,1214542.79,watervolume,NA
2020-03-16,CRAM,1214308.668,watervolume,NA
2020-03-17,CRAM,1214675.12,watervolume,NA
2020-03-18,CRAM,1214410.46,watervolume,NA
2020-03-19,CRAM,1214746.374,watervolume,NA
2020-03-20,CRAM,1216802.576,watervolume,NA
2020-03-21,CRAM,1216639.709,watervolume,NA
2020-03-22,CRAM,1216456.483,watervolume,NA
2020-03-23,CRAM,1215978.06,watervolume,NA
2020-03-24,CRAM,1215967.88,watervolume,NA
2020-03-25,CRAM,1215387.665,watervolume,NA
2020-03-26,CRAM,1215275.694,watervolume,NA
2020-03-27,CRAM,1214013.47,watervolume,NA
2020-03-28,CRAM,1213311.104,watervolume,NA
2020-03-29,CRAM,1213250.029,watervolume,NA
2020-03-30,CRAM,1213351.821,watervolume,NA
2020-03-31,CRAM,1212812.323,watervolume,NA
2020-04-01,CRAM,1212456.05,watervolume,NA
2020-04-02,CRAM,1212466.229,watervolume,NA
2020-04-03,CRAM,1213209.312,watervolume,NA
2020-04-04,CRAM,1214298.489,watervolume,NA
2020-04-05,CRAM,1214766.733,watervolume,NA
2020-04-06,CRAM,1214410.46,watervolume,NA
2020-04-07,CRAM,1214573.328,watervolume,NA
2020-04-08,CRAM,1215204.439,watervolume,NA
2020-04-09,CRAM,1215397.844,watervolume,NA
2020-04-10,CRAM,1214990.675,watervolume,NA
2020-04-11,CRAM,1214573.328,watervolume,NA
2020-04-12,CRAM,1214634.403,watervolume,NA
2020-04-13,CRAM,1217413.33,watervolume,NA
2020-04-14,CRAM,1216670.247,watervolume,NA
2020-04-15,CRAM,1216039.135,watervolume,NA
2020-04-16,CRAM,1215397.844,watervolume,NA
2020-04-17,CRAM,1215011.034,watervolume,NA
2020-04-18,CRAM,1214675.12,watervolume,NA
2020-04-19,CRAM,1214695.478,watervolume,NA
2020-04-20,CRAM,1214400.281,watervolume,NA
2020-04-21,CRAM,1215326.59,watervolume,NA
2020-04-22,CRAM,1214695.478,watervolume,NA
2020-04-23,CRAM,1214410.46,watervolume,NA
2020-04-24,CRAM,1214410.46,watervolume,NA
2020-04-25,CRAM,1214410.46,watervolume,NA
2020-04-26,CRAM,1214410.46,watervolume,NA
2020-04-27,CRAM,1214654.761,watervolume,NA
2020-04-28,CRAM,1215621.787,watervolume,NA
2020-04-29,CRAM,1222329.892,watervolume,NA
2020-04-30,CRAM,1221505.375,watervolume,NA
2020-05-01,CRAM,1219479.711,watervolume,NA
2020-05-02,CRAM,1218583.94,watervolume,NA
2020-05-03,CRAM,1217372.613,watervolume,NA
2020-05-04,CRAM,1216079.852,watervolume,NA
2020-05-05,CRAM,1214756.553,watervolume,NA
2020-05-06,CRAM,1214023.65,watervolume,NA
2020-05-07,CRAM,1212853.04,watervolume,NA
2020-05-08,CRAM,1212140.494,watervolume,NA
2020-05-09,CRAM,1210959.705,watervolume,NA
2020-05-10,CRAM,1210471.102,watervolume,NA
2020-05-11,CRAM,1209728.019,watervolume,NA
2020-05-12,CRAM,1208832.248,watervolume,NA
2020-05-13,CRAM,1208404.721,watervolume,NA
2020-05-14,CRAM,1208404.721,watervolume,NA
2020-05-15,CRAM,1208068.807,watervolume,NA
2020-05-16,CRAM,1207793.968,watervolume,NA
2020-05-17,CRAM,1207101.781,watervolume,NA
2020-05-18,CRAM,1206725.15,watervolume,NA
2020-05-19,CRAM,1206358.698,watervolume,NA
2020-05-20,CRAM,1205697.049,watervolume,NA
2020-05-21,CRAM,1204994.683,watervolume,NA
2020-05-22,CRAM,1204495.901,watervolume,NA
2020-05-23,CRAM,1204037.836,watervolume,NA
2020-05-24,CRAM,1203315.112,watervolume,NA
2020-05-25,CRAM,1203803.714,watervolume,NA
2020-05-26,CRAM,1206989.81,watervolume,NA
2020-05-27,CRAM,1207559.846,watervolume,NA
2020-05-28,CRAM,1207081.422,watervolume,NA
2020-05-29,CRAM,1206267.085,watervolume,NA
2020-05-30,CRAM,1205513.823,watervolume,NA
2020-05-31,CRAM,1204516.259,watervolume,NA
2020-06-01,CRAM,1204170.166,watervolume,NA
2020-06-02,CRAM,1204475.542,watervolume,NA
2020-06-03,CRAM,1203946.223,watervolume,NA
2020-06-04,CRAM,1202989.377,watervolume,NA
2020-06-05,CRAM,1202195.397,watervolume,NA
2020-06-06,CRAM,1201157.117,watervolume,NA
2020-06-07,CRAM,1200597.26,watervolume,NA
2020-06-08,CRAM,1200403.855,watervolume,NA
2020-06-09,CRAM,1199905.073,watervolume,NA
2020-06-10,CRAM,1209249.596,watervolume,NA
2020-06-11,CRAM,1212649.455,watervolume,NA
2020-06-12,CRAM,1211478.845,watervolume,NA
2020-06-13,CRAM,1210298.056,watervolume,NA
2020-06-14,CRAM,1209147.804,watervolume,NA
2020-06-15,CRAM,1203646.399,watervolume,NA
2020-06-16,CRAM,1226136.92,watervolume,NA
2020-06-17,CRAM,1219835.984,watervolume,NA
2020-06-18,CRAM,1218970.75,watervolume,NA
2020-06-19,CRAM,1218563.581,watervolume,NA
2020-06-20,CRAM,1218471.968,watervolume,NA
2020-06-21,CRAM,1217942.649,watervolume,NA
2020-06-22,CRAM,1218207.309,watervolume,NA
2020-06-23,CRAM,1217219.924,watervolume,NA
2020-06-24,CRAM,1216273.257,watervolume,NA
2020-06-25,CRAM,1215204.439,watervolume,NA
2020-06-26,CRAM,1214624.224,watervolume,NA
2020-06-27,CRAM,1213809.886,watervolume,NA
2020-06-28,CRAM,1213036.265,watervolume,NA
2020-06-29,CRAM,1212181.211,watervolume,NA
2020-06-30,CRAM,1211509.383,watervolume,NA
2020-07-01,CRAM,1211010.601,watervolume,NA
2020-07-02,CRAM,1210888.45,watervolume,NA
2020-07-03,CRAM,1210216.622,watervolume,NA
2020-07-04,CRAM,1209422.643,watervolume,NA
2020-07-05,CRAM,1208984.936,watervolume,NA
2020-07-06,CRAM,1208649.022,watervolume,NA
2020-07-07,CRAM,1211957.268,watervolume,NA
2020-07-08,CRAM,1211753.684,watervolume,NA
2020-07-09,CRAM,1217891.753,watervolume,NA
2020-07-10,CRAM,1218448.142,watervolume,NA
2020-07-11,CRAM,1219998.851,watervolume,NA
2020-07-12,CRAM,1219062.363,watervolume,NA
2020-07-13,CRAM,1218064.8,watervolume,NA
2020-07-14,CRAM,1218176.771,watervolume,NA
2020-07-15,CRAM,1208534.025,watervolume,NA
2020-07-16,CRAM,1220792.83,watervolume,NA
2020-07-17,CRAM,1220395.841,watervolume,NA
2020-07-18,CRAM,1218899.495,watervolume,NA
2020-07-19,CRAM,1221098.207,watervolume,NA
2020-07-20,CRAM,1219744.371,watervolume,NA
2020-07-21,CRAM,1218482.147,watervolume,NA
2020-07-22,CRAM,1211396.43,watervolume,NA
2020-07-23,CRAM,1202362.918,watervolume,NA
2020-07-24,CRAM,1216548.096,watervolume,NA
2020-07-25,CRAM,1216375.049,watervolume,NA
2020-07-26,CRAM,1222747.24,watervolume,NA
2020-07-27,CRAM,1221348.615,watervolume,NA
2020-07-28,CRAM,1225599.994,watervolume,NA
2020-07-29,CRAM,1226330.325,watervolume,NA
2020-07-30,CRAM,1224874.697,watervolume,NA
2020-07-31,CRAM,1223317.276,watervolume,NA
2020-08-01,CRAM,1222798.136,watervolume,NA
2020-08-02,CRAM,1222156.845,watervolume,NA
2020-08-03,CRAM,1211428.732,watervolume,NA
2020-08-04,CRAM,1216408.301,watervolume,NA
2020-08-05,CRAM,1217963.007,watervolume,NA
2020-08-06,CRAM,1217433.688,watervolume,NA
2020-08-07,CRAM,1216598.992,watervolume,NA
2020-08-08,CRAM,1217158.849,watervolume,NA
2020-08-09,CRAM,1218286.707,watervolume,NA
2020-08-10,CRAM,1221841.29,watervolume,NA
2020-08-11,CRAM,1220793.48,watervolume,NA
2020-08-12,CRAM,1219510.249,watervolume,NA
2020-08-13,CRAM,1219194.693,watervolume,NA
2020-08-14,CRAM,1218329.459,watervolume,NA
2020-08-15,CRAM,1217403.15,watervolume,NA
2020-08-16,CRAM,1216497.2,watervolume,NA
2020-08-17,CRAM,1215611.608,watervolume,NA
2020-08-18,CRAM,1214512.252,watervolume,NA
2020-08-19,CRAM,1213789.528,watervolume,NA
2020-08-20,CRAM,1213412.897,watervolume,NA
2020-08-21,CRAM,1213076.982,watervolume,NA
2020-08-22,CRAM,1222278.996,watervolume,NA
2020-08-23,CRAM,1224233.406,watervolume,NA
2020-08-24,CRAM,1225078.281,watervolume,NA
2020-08-25,CRAM,1227747.087,watervolume,NA
2020-08-26,CRAM,1222645.448,watervolume,NA
2020-08-27,CRAM,1221261.074,watervolume,NA
2020-08-28,CRAM,1222625.09,watervolume,NA
2020-08-29,CRAM,1227419.502,watervolume,NA
2020-08-30,CRAM,1225363.299,watervolume,NA
2020-08-31,CRAM,1224925.593,watervolume,NA
2020-09-01,CRAM,1225037.564,watervolume,NA
2020-09-02,CRAM,1224019.642,watervolume,NA
2020-09-03,CRAM,1222584.373,watervolume,NA
2020-09-04,CRAM,1221434.121,watervolume,NA
2020-09-05,CRAM,1220212.615,watervolume,NA
2020-09-06,CRAM,1219428.815,watervolume,NA
2020-09-07,CRAM,1218533.044,watervolume,NA
2020-09-08,CRAM,1217169.028,watervolume,NA
2020-09-09,CRAM,1216436.125,watervolume,NA
2020-09-10,CRAM,1216751.68,watervolume,NA
2020-09-11,CRAM,1225347.639,watervolume,NA
2020-09-12,CRAM,1217433.688,watervolume,NA
2020-09-13,CRAM,1219184.514,watervolume,NA
2020-09-14,CRAM,1218533.044,watervolume,NA
2020-09-15,CRAM,1249518.585,watervolume,NA
2020-09-16,CRAM,1250058.084,watervolume,NA
2020-09-17,CRAM,1248795.861,watervolume,NA
2020-09-18,CRAM,1247635.43,watervolume,NA
2020-09-19,CRAM,1248286.9,watervolume,NA
2020-09-20,CRAM,1248612.635,watervolume,NA
2020-09-21,CRAM,1247635.43,watervolume,NA
2020-09-22,CRAM,1247635.43,watervolume,NA
2020-09-23,CRAM,1247635.43,watervolume,NA
2020-09-24,CRAM,1250689.196,watervolume,NA
2020-09-25,CRAM,1251544.25,watervolume,NA
2020-09-26,CRAM,1253417.226,watervolume,NA
2020-09-27,CRAM,1260705.547,watervolume,NA
2020-09-28,CRAM,1258431.219,watervolume,NA
2020-09-29,CRAM,1257407.48,watervolume,NA
2020-09-30,CRAM,1258095.653,watervolume,NA
2020-10-01,CRAM,1259199.022,watervolume,NA
2020-10-02,CRAM,1257407.48,watervolume,NA
2020-10-03,CRAM,1257203.896,watervolume,NA
2020-10-04,CRAM,1255453.07,watervolume,NA
2020-10-05,CRAM,1255453.07,watervolume,NA
2020-10-06,CRAM,1255453.07,watervolume,NA
2020-10-07,CRAM,1254516.582,watervolume,NA
2020-10-08,CRAM,1253498.66,watervolume,NA
2020-10-09,CRAM,1253498.66,watervolume,NA
2020-10-10,CRAM,1252847.19,watervolume,NA
2020-10-11,CRAM,1251544.25,watervolume,NA
2020-10-12,CRAM,1254150.13,watervolume,NA
2020-10-13,CRAM,1259361.89,watervolume,NA
2020-10-14,CRAM,1258058.95,watervolume,NA
2020-10-15,CRAM,1258751.137,watervolume,NA
2020-10-16,CRAM,1257407.48,watervolume,NA
2020-10-17,CRAM,1257407.48,watervolume,NA
2020-10-18,CRAM,1257407.48,watervolume,NA
2020-10-19,CRAM,1255814.211,watervolume,NA
2020-10-20,CRAM,1255453.07,watervolume,NA
2020-10-21,CRAM,1257293.852,watervolume,NA
2020-10-22,CRAM,1257407.48,watervolume,NA
2020-10-23,CRAM,1257686.681,watervolume,NA
2020-10-24,CRAM,1257407.48,watervolume,NA
2020-10-25,CRAM,1257407.48,watervolume,NA
2020-10-26,CRAM,1257407.48,watervolume,NA
2020-10-27,CRAM,1256644.783,watervolume,NA
2020-10-28,CRAM,1255453.07,watervolume,NA
2020-10-29,CRAM,1255453.07,watervolume,NA
2020-10-30,CRAM,1255453.07,watervolume,NA
2020-10-31,CRAM,1255317.347,watervolume,NA
2020-11-01,CRAM,1255453.07,watervolume,NA
2020-11-02,CRAM,1255453.07,watervolume,NA
2020-11-03,CRAM,1255453.07,watervolume,NA
2020-11-04,CRAM,1255453.07,watervolume,NA
2020-11-05,CRAM,1255412.353,watervolume,NA
2020-11-06,CRAM,1253946.546,watervolume,NA
2020-11-07,CRAM,1253702.244,watervolume,NA
2020-11-08,CRAM,1254190.847,watervolume,NA
2020-11-09,CRAM,1255371.636,watervolume,NA
2020-11-10,CRAM,1258995.438,watervolume,NA
2020-11-11,CRAM,1259972.643,watervolume,NA
2020-11-12,CRAM,1259361.89,watervolume,NA
2020-11-13,CRAM,1259361.89,watervolume,NA
2020-11-14,CRAM,1259036.155,watervolume,NA
2020-11-15,CRAM,1259361.89,watervolume,NA
2020-11-16,CRAM,1259361.89,watervolume,NA
2020-11-17,CRAM,1259361.89,watervolume,NA
2020-11-18,CRAM,1260054.077,watervolume,NA
2020-11-19,CRAM,1261015.622,watervolume,NA
2020-11-20,CRAM,1256878.161,watervolume,NA
2020-11-21,CRAM,1255900.956,watervolume,NA
2020-11-22,CRAM,1256715.293,watervolume,NA
2020-11-23,CRAM,1256908.482,watervolume,NA
2020-11-24,CRAM,1260960.953,watervolume,NA
2020-11-25,CRAM,1264003.614,watervolume,NA
2020-11-26,CRAM,1258873.288,watervolume,NA
2020-11-27,CRAM,1256779.277,watervolume,NA
2020-11-28,CRAM,1258068.973,watervolume,NA
2020-11-29,CRAM,1256369.2,watervolume,NA
2020-11-30,CRAM,1254760.883,watervolume,NA
2020-12-01,CRAM,1254763.278,watervolume,NA
2020-12-02,CRAM,1254475.865,watervolume,NA
2020-12-03,CRAM,1255208.769,watervolume,NA
2020-12-04,CRAM,1254720.166,watervolume,NA
2020-12-05,CRAM,1253498.66,watervolume,NA
2020-12-06,CRAM,1253498.66,watervolume,NA
2020-12-07,CRAM,1253498.66,watervolume,NA
2020-12-08,CRAM,1255549.189,watervolume,NA
2020-12-09,CRAM,1253657.126,watervolume,NA
2020-12-10,CRAM,1253335.792,watervolume,NA
2020-12-11,CRAM,1252541.813,watervolume,NA
2020-12-12,CRAM,1251625.684,watervolume,NA
2020-12-13,CRAM,1251544.25,watervolume,NA
2020-12-14,CRAM,1254057.063,watervolume,NA
2020-12-15,CRAM,1251544.25,watervolume,NA
2020-12-16,CRAM,1250524.558,watervolume,NA
2020-12-17,CRAM,1252545.289,watervolume,NA
2020-12-18,CRAM,1251273.959,watervolume,NA
2020-12-19,CRAM,1257407.48,watervolume,NA
2020-12-20,CRAM,1256625.716,watervolume,NA
2020-12-21,CRAM,NaN,watervolume,NA
2020-12-22,CRAM,1257407.48,watervolume,NA
2020-12-23,CRAM,1257407.48,watervolume,NA
2020-12-24,CRAM,1255843.952,watervolume,NA
2020-12-25,CRAM,1257407.48,watervolume,NA
2020-12-26,CRAM,1257407.48,watervolume,NA
2020-12-27,CRAM,1257407.48,watervolume,NA
2020-12-28,CRAM,1255568.035,watervolume,NA
2020-12-29,CRAM,1255453.07,watervolume,NA
2020-12-30,CRAM,1257052.133,watervolume,NA
2020-12-31,CRAM,1257407.48,watervolume,NA
2021-01-01,CRAM,1257407.48,watervolume,NA
